상품명,수량,일자
연유 버터 크림 도넛,32,2025-10-10
초코 크런치 스트로베리 도넛,14,2025-10-10
초콜릿 도넛,31,2025-10-10
초콜릿 올드패션,31,2025-10-10
초콜릿 코코넛 도넛,9,2025-10-10
초콜릿 크론디,35,2025-10-10
코코넛 도넛,24,2025-10-10
커피 크럼 도넛,26,2025-10-10
크림 사탕 도넛,11,2025-10-10
텍사스 글레이즈 도넛,28,2025-10-10
피스타치오 가나슈 도넛,64,2025-10-10
애플 프리터,56,2025-10-10
카라멜 코코넛 도넛,9,2025-10-10
애월 녹차 필링 도넛,20,2025-10-10
핑크 스프링클 도넛,21,2025-10-10
스프링 어니언 도넛,8,2025-10-10
가나슈 도넛,31,2025-10-10
글레이즈 도넛,73,2025-10-10
글레이즈 올드패션,37,2025-10-10
글레이즈 크론디,65,2025-10-10
누텔라 도넛,43,2025-10-10
딸기 필링 도넛,24,2025-10-10
아몬드 브리틀 도넛,15,2025-10-10
로스트 코코넛 도넛,13,2025-10-10
버터크럼 도넛,64,2025-10-10
블루베리 필링 도넛,9,2025-10-10
슈가 도넛,8,2025-10-10
스모어 도넛,16,2025-10-10
레몬 필링 도넛,12,2025-10-10
연유 버터 크림 도넛,55,2025-10-11
초코 크런치 스트로베리 도넛,35,2025-10-11
초콜릿 도넛,42,2025-10-11
초콜릿 올드패션,42,2025-10-11
초콜릿 코코넛 도넛,18,2025-10-11
초콜릿 크론디,48,2025-10-11
코코넛 도넛,42,2025-10-11
커피 크럼 도넛,62,2025-10-11
크림 사탕 도넛,17,2025-10-11
텍사스 글레이즈 도넛,45,2025-10-11
피스타치오 가나슈 도넛,97,2025-10-11
애플 프리터,102,2025-10-11
카라멜 코코넛 도넛,19,2025-10-11
핑크 스프링클 도넛,42,2025-10-11
애월 녹차 필링 도넛,67,2025-10-11
스프링 어니언 도넛,28,2025-10-11
아몬드 브리틀 도넛,47,2025-10-11
가나슈 도넛,58,2025-10-11
글레이즈 도넛,159,2025-10-11
글레이즈 올드패션,43,2025-10-11
누텔라 도넛,93,2025-10-11
딸기 필링 도넛,47,2025-10-11
글레이즈 크론디,90,2025-10-11
로스트 코코넛 도넛,30,2025-10-11
버터크럼 도넛,120,2025-10-11
블루베리 필링 도넛,28,2025-10-11
슈가 도넛,20,2025-10-11
스모어 도넛,31,2025-10-11
레몬 필링 도넛,33,2025-10-11
초콜릿 코코넛 도넛,22,2025-10-12
연유 버터 크림 도넛,54,2025-10-12
초코 크런치 스트로베리 도넛,34,2025-10-12
초콜릿 도넛,41,2025-10-12
초콜릿 올드패션,30,2025-10-12
핑크 스프링클 도넛,58,2025-10-12
애플 프리터,88,2025-10-12
커피 크럼 도넛,53,2025-10-12
코코넛 도넛,34,2025-10-12
크림 사탕 도넛,14,2025-10-12
텍사스 글레이즈 도넛,32,2025-10-12
피스타치오 가나슈 도넛,66,2025-10-12
카라멜 코코넛 도넛,26,2025-10-12
애월 녹차 필링 도넛,58,2025-10-12
초콜릿 크론디,35,2025-10-12
스프링 어니언 도넛,35,2025-10-12
가나슈 도넛,49,2025-10-12
글레이즈 도넛,129,2025-10-12
글레이즈 올드패션,41,2025-10-12
글레이즈 크론디,83,2025-10-12
누텔라 도넛,82,2025-10-12
딸기 필링 도넛,57,2025-10-12
아몬드 브리틀 도넛,42,2025-10-12
로스트 코코넛 도넛,26,2025-10-12
버터크럼 도넛,80,2025-10-12
블루베리 필링 도넛,22,2025-10-12
슈가 도넛,14,2025-10-12
스모어 도넛,37,2025-10-12
레몬 필링 도넛,20,2025-10-12
초코 크런치 스트로베리 도넛,13,2025-10-13
초콜릿 도넛,9,2025-10-13
초콜릿 올드패션,18,2025-10-13
초콜릿 코코넛 도넛,7,2025-10-13
초콜릿 크론디,14,2025-10-13
카라멜 코코넛 도넛,6,2025-10-13
크림 사탕 도넛,12,2025-10-13
코코넛 도넛,9,2025-10-13
텍사스 글레이즈 도넛,19,2025-10-13
피스타치오 가나슈 도넛,230,2025-10-13
핑크 스프링클 도넛,20,2025-10-13
연유 버터 크림 도넛,23,2025-10-13
커피 크럼 도넛,21,2025-10-13
애플 프리터,53,2025-10-13
애월 녹차 필링 도넛,20,2025-10-13
아몬드 브리틀 도넛,16,2025-10-13
글레이즈 도넛,43,2025-10-13
글레이즈 올드패션,21,2025-10-13
글레이즈 크론디,22,2025-10-13
누텔라 도넛,30,2025-10-13
딸기 필링 도넛,22,2025-10-13
레몬 필링 도넛,13,2025-10-13
가나슈 도넛,15,2025-10-13
버터크럼 도넛,23,2025-10-13
블루베리 필링 도넛,13,2025-10-13
슈가 도넛,8,2025-10-13
스모어 도넛,15,2025-10-13
스프링 어니언 도넛,6,2025-10-13
로스트 코코넛 도넛,5,2025-10-13
초코 크런치 스트로베리 도넛,17,2025-10-14
초콜릿 도넛,17,2025-10-14
초콜릿 올드패션,18,2025-10-14
초콜릿 코코넛 도넛,15,2025-10-14
핑크 스프링클 도넛,20,2025-10-14
초콜릿 크론디,22,2025-10-14
코코넛 도넛,14,2025-10-14
커피 크럼 도넛,20,2025-10-14
크림 사탕 도넛,10,2025-10-14
텍사스 글레이즈 도넛,20,2025-10-14
피스타치오 가나슈 도넛,46,2025-10-14
연유 버터 크림 도넛,31,2025-10-14
카라멜 코코넛 도넛,16,2025-10-14
애플 프리터,44,2025-10-14
로스트 코코넛 도넛,12,2025-10-14
아몬드 브리틀 도넛,21,2025-10-14
애월 녹차 필링 도넛,22,2025-10-14
가나슈 도넛,29,2025-10-14
글레이즈 도넛,76,2025-10-14
글레이즈 올드패션,10,2025-10-14
누텔라 도넛,48,2025-10-14
딸기 필링 도넛,32,2025-10-14
글레이즈 크론디,49,2025-10-14
버터크럼 도넛,47,2025-10-14
블루베리 필링 도넛,16,2025-10-14
슈가 도넛,14,2025-10-14
스모어 도넛,18,2025-10-14
스프링 어니언 도넛,12,2025-10-14
레몬 필링 도넛,20,2025-10-14
초콜릿 올드패션,30,2025-10-15
연유 버터 크림 도넛,30,2025-10-15
초코 크런치 스트로베리 도넛,11,2025-10-15
초콜릿 도넛,31,2025-10-15
초콜릿 코코넛 도넛,8,2025-10-15
텍사스 글레이즈 도넛,18,2025-10-15
카라멜 코코넛 도넛,6,2025-10-15
커피 크럼 도넛,27,2025-10-15
코코넛 도넛,16,2025-10-15
크림 사탕 도넛,13,2025-10-15
애플 프리터,64,2025-10-15
초콜릿 크론디,19,2025-10-15
애월 녹차 필링 도넛,26,2025-10-15
로스트 코코넛 도넛,18,2025-10-15
스프링 어니언 도넛,11,2025-10-15
스모어 도넛,16,2025-10-15
슈가 도넛,12,2025-10-15
블루베리 필링 도넛,13,2025-10-15
버터크럼 도넛,51,2025-10-15
레몬 필링 도넛,11,2025-10-15
딸기 필링 도넛,25,2025-10-15
누텔라 도넛,31,2025-10-15
글레이즈 크론디,56,2025-10-15
글레이즈 올드패션,27,2025-10-15
글레이즈 도넛,59,2025-10-15
가나슈 도넛,21,2025-10-15
피스타치오 가나슈 도넛,50,2025-10-15
아몬드 브리틀 도넛,14,2025-10-15
핑크 스프링클 도넛,22,2025-10-15
